SET DATEFORMAT YMD
if db_id('MONIVET') is not null
	begin
		use master
		drop database MONIVET
	end

CREATE DATABASE MONIVET
GO

USE MONIVET
go
CREATE   TABLE TB_DISTRITO(
COD_DIS CHAR(5)NOT NULL PRIMARY KEY,
NOM_DIS VARCHAR(50)
)
CREATE   TABLE TB_CLIENTE(
COD_CLI CHAR (5)NOT NULL PRIMARY KEY,
NOM_CLI VARCHAR(30)NOT NULL ,
DIR_CLI VARCHAR(100)NOT NULL,
TLF_CLI CHAR(9)NOT NULL,
DNI_CLI CHAR(11) NULL,
COD_DIS CHAR(5)NOT NULL REFERENCES TB_DISTRITO,
FEC_REG DATE NOT NULL,
TIP_CLI VARCHAR(10) NOT NULL,
CONTACTO VARCHAR(30) NOT NULL
)
CREATE TABLE  TB_PRODUCTO(
COD_PRO CHAR(5)NOT NULL PRIMARY KEY,
DES_PRO  VARCHAR(50)NOT NULL,
PRE_PRO MONEY NOT NULL,
STK_ACT INT NOT NULL,
STK_MIN INT NOT NULL,
UNI_MED VARCHAR(30)NOT NULL,
LIN_PRO VARCHAR(30)NOT NULL,
IMPORTADO VARCHAR(10)NOT NULL
)

CREATE TABLE TB_DETALLE_VENTA(
NUM_VEN INT IDENTITY(1,1) PRIMARY KEY,
DES_VEN VARCHAR(50) NOT NULL,
CAN_VEN INT(5) NOT NULL,
PRE_VEN MONEY NOT NULL,
TOTAL_VEN MONEY NOT NULL
);
GO

CREATE TABLE TB_LOGIN(
Id INT IDENTITY(1,1) PRIMARY KEY, 
Usuario VARCHAR(20) NOT NULL,
Contra VARCHAR(10) NOT NULL,
);
GO
INSERT INTO TB_DISTRITO VALUES('D01','Surco')
INSERT INTO TB_DISTRITO VALUES('D02','Jes s Mar a')
INSERT INTO TB_DISTRITO VALUES('D03','San Isidro')
INSERT INTO TB_DISTRITO VALUES('D04','La Molina')
INSERT INTO TB_DISTRITO VALUES('D05','San Miguel')
INSERT INTO TB_DISTRITO VALUES('D06','Miraflores')
INSERT INTO TB_DISTRITO VALUES('D07','Barranco')
INSERT INTO TB_DISTRITO VALUES('D08','Chorrillos')
INSERT INTO TB_DISTRITO VALUES('D09','San Borja')
INSERT INTO TB_DISTRITO VALUES('D10','Lince')
INSERT INTO TB_DISTRITO VALUES('D11','Bre a')
INSERT INTO TB_DISTRITO VALUES('D12','Magdalena')
INSERT INTO TB_DISTRITO VALUES('D13','Rimac')
INSERT INTO TB_DISTRITO VALUES('D14','Surquillo')
INSERT INTO TB_DISTRITO VALUES('D15','Pueblo Libre')
INSERT INTO TB_DISTRITO VALUES('D16','Bellavista')
INSERT INTO TB_DISTRITO VALUES('D17','Callao')
INSERT INTO TB_DISTRITO VALUES('D18','San Martin de Porres')
INSERT INTO TB_DISTRITO VALUES('D19','Santa Anita')
INSERT INTO TB_DISTRITO VALUES('D20','Los Olivos')
INSERT INTO TB_DISTRITO VALUES('D21','Independencia')
INSERT INTO TB_DISTRITO VALUES('D22','Lima - Cercado')
INSERT INTO TB_DISTRITO VALUES('D24','San Luis')
INSERT INTO TB_DISTRITO VALUES('D25','El Agustino')
INSERT INTO TB_DISTRITO VALUES('D26','San Juan de Lurigancho')
INSERT INTO TB_DISTRITO VALUES('D27','Ate - Vitarte')
INSERT INTO TB_DISTRITO VALUES('D28','San Juan de Miraflores')
INSERT INTO TB_DISTRITO VALUES('D29','Carmen de la Legua')
INSERT INTO TB_DISTRITO VALUES('D30','Comas')
INSERT INTO TB_DISTRITO VALUES('D31','Villa Mar a del Triunfo')
INSERT INTO TB_DISTRITO VALUES('D32','Villa el Salvador')
INSERT INTO TB_DISTRITO VALUES('D33','La Perla')
INSERT INTO TB_DISTRITO VALUES('D34','Ventanilla')
INSERT INTO TB_DISTRITO VALUES('D35','Puente Piedra')
INSERT INTO TB_DISTRITO VALUES('D36','Carabayllo')
INSERT INTO TB_DISTRITO VALUES('D37','Santa Maria')
INSERT INTO TB_DISTRITO VALUES('D38','San Guchito')
INSERT INTO TB_DISTRITO VALUES('D45','La Punta')
SELECT* FROM TB_DISTRITO
go

INSERT INTO TB_CLIENTE VALUES('C001','Finseth','Av. Los Vi edos 150','4342318','48632081','D05','12/10/2008','1','Alicia Barreto')
INSERT INTO TB_CLIENTE VALUES('C002','Orbi','Av. Emilio Cavenecia 225','4406335','57031642','D04','02/01/2013','2','Alfonso Beltran')
INSERT INTO TB_CLIENTE VALUES('C003','Serviemsa','Jr. Collagate 522','75012403',NULL,'D05','06/03/2011','2','Christian Laguna')
INSERT INTO TB_CLIENTE VALUES('C004','Issa','Calle Los Aviadores 263','3725910','46720159','D01','9/12/2012','1','Luis Apumayta')
INSERT INTO TB_CLIENTE VALUES('C005','Mass','Av. Tomas Marsano 880','4446177','83175942','D14','10/01/2013','1','Katia Armejo')
INSERT INTO TB_CLIENTE VALUES('C006','Berker','Av. Los Proceres 521','3810322','54890124','D05','7/05/2013','1','Judith Aste')
INSERT INTO TB_CLIENTE VALUES('C007','Fidenza','Jr. El Niquel 282','5289034','16204790','D20','10/02/2012','2','Hector Vivanco')
INSERT INTO TB_CLIENTE VALUES('C008','Intech','Av. San Luis 2619  5to P','2249493','34021824','D09','01/07/2011','2','Carlos Villanueva')
INSERT INTO TB_CLIENTE VALUES('C009','Prominent','Jr. Iquique 132','43233519',NULL,'D11','06/11/2010','1','Jorge Valdivia')
INSERT INTO TB_CLIENTE VALUES('C010','Landu','Av.Nicolas de Ayllon 1453','3267840','30405261','D05','11/06/2013','2','Raquel Espinoza')
INSERT INTO TB_CLIENTE VALUES('C011','Filasur','Av. El Santuario 1189','4598175','70345201','D26','08/04/2012','1','Angelica Vivas')
INSERT INTO TB_CLIENTE VALUES('C012','Sucerte','Jr. Grito de Huaura 114','4206434','62014503','D05','11/08/2011','1','Karina Vega')
INSERT INTO TB_CLIENTE VALUES('C013','Hayashi','Jr. Ayacucho 359','42847990',NULL,'D22','03/09/2013','2','Ernesto Uehara')
INSERT INTO TB_CLIENTE VALUES('C014','Kadia','Av.Santa Cruz 1332 Of.201','4412418','22202915','D06','10/05/2011','1','Miguel Arce')
INSERT INTO TB_CLIENTE VALUES('C015','Meba','Av. Elmer Faucett 1638',' 4641234','50319542','D16','06/11/2011','2','Ricardo Gomez')
INSERT INTO TB_CLIENTE VALUES('C016','Cardeli','Jr. Bartolome Herrera 451','2658853','26403158','D10','5/04/2013','2','Giancarlo Bonifaz')
INSERT INTO TB_CLIENTE VALUES('C017','Payet','Calle Juan Fanning 327',' 4779834','70594032','D07','5/12/2013','1','Paola Uribe')
INSERT INTO TB_CLIENTE VALUES('C018','Dasin','Av. Saenz Pe a 338 - B',' 4657574','35016752','D17','12/03/2011','1','Angela Barreto')
INSERT INTO TB_CLIENTE VALUES('C019','Corefo','Av. Canada 3894 - 3898','4377499','57201691','D24','01/03/2010','2','Rosalyn Cortez')
INSERT INTO TB_CLIENTE VALUES('C020','Cramer','Jr. Mariscal Miller 1131','4719061','46031783','D02','8/11/2010','1','Christopher Ramos')
SELECT* FROM TB_CLIENTE
GO
 
 
INSERT INTO  TB_PRODUCTO VALUES('P001','PLATO DE COMIDA:Tazon anti-estres para perros',20.0, 200,1500,'Mll','2','V')
INSERT INTO  TB_PRODUCTO VALUES('P002','LICKIMAT:Para gatos ',60.0, 50,1500,'Mll','2','F')
INSERT INTO  TB_PRODUCTO VALUES('P003','PELUCHE DE OSO:Especial para perros ',30.0 ,498,1000,'Mll','2','V')
INSERT INTO  TB_PRODUCTO VALUES('P004','QUITA PELUSA:Para todo tipo de superficie',50.0,4285,1000,'Mll','2','F')
INSERT INTO  TB_PRODUCTO VALUES('P005','PLATO DOBLE:Bebedero y plato de comida', 60.0 ,50,30,'Uni','1','F')
INSERT INTO  TB_PRODUCTO VALUES('P006','PLATO ANTI-ESTRES:Bebedero y plato de comida ',35.0  ,58,35, 'Uni','1','F')
INSERT INTO  TB_PRODUCTO VALUES('P007','TAZON DE COMIDA:Color anaranjado',20.0,300,100,'Uni','1','V')
INSERT INTO  TB_PRODUCTO VALUES('P008','TAZON DE COMIDA:Metalico ',25.0,125,180,'Uni','1','F')
INSERT INTO  TB_PRODUCTO VALUES('P009','PELUCHE ANIMAL PLANET: Peluche didactico ',50.0 ,100,500,'Doc','3','F')
INSERT INTO  TB_PRODUCTO VALUES('P010','TRAINING PADS:Ultra Absorbente  ',60.0 ,2000,400,'Doc','3','F')
INSERT INTO  TB_PRODUCTO VALUES('P011','PELUCHE VENADO:Especial para perros ',30.0 ,1120,300,'Doc','3','F')
INSERT INTO  TB_PRODUCTO VALUES('P012','CAMISA A CUADROS:Talla 3',35.0 ,608,300,'Doc','3','F')
INSERT INTO  TB_PRODUCTO VALUES('P013','CAMISA A CUADROS:Talla 4',40.0,200,150,'Cie','3','F')
INSERT INTO  TB_PRODUCTO VALUES('P014','CAMISA HAWAIANA:Talla 5',40.0 ,150,150,'Cie','3','V')
INSERT INTO  TB_PRODUCTO VALUES('P015','COLLAR PARA PERROS:Color rosado',30.0,300,130,'Cie','3','F')
INSERT INTO  TB_PRODUCTO VALUES('P016','PLATO DE COMIDA:Especial para gatos',15.0,200,100,'Cie','3','F')
INSERT INTO  TB_PRODUCTO VALUES('P017','PELUCHE DINOSAURIO:Especial para perros',30.0,3000,1000,'Doc','3','F')
INSERT INTO  TB_PRODUCTO VALUES('P018','GUANTE PARA BAÑO:Para perros con pelaje grueso ',35.0 ,2013,1500,'Doc','3','F')
INSERT INTO  TB_PRODUCTO VALUES('P019','PELOTA PARA PERRO',10.00,1900,1000,'Doc','3','V')
INSERT INTO  TB_PRODUCTO VALUES('P020','PELOTA PARA GATO',10.0 ,3080,1100,'Cie','3','F')
INSERT INTO  TB_PRODUCTO VALUES('P021','HUESO DE JUEGUETE',15.0,20,5,'Uni','1','F')
SELECT* FROM TB_PRODUCTO
GO
 
INSERT INTO TB_DETALLE_VENTA VALUES ('LICKIMAT Para gatos', '2', 34.00,68.00)
SELECT* FROM TB_DETALLE_VENTA
GO

INSERT INTO TB_LOGIN VALUES ('miasa','123M')
SELECT*FROM TB_LOGIN
GO